indicator,question,horizon_years,probability,source,blend_probability,regime_model_probability,condition_chain_probability,model_sample_base_rate,climatological_base_rate,verdict_0001,verdict_0007,composition,effective_sample_size,distance_to_stationary
consumer_price_inflation_above_five_percent_within_horizon,Does year-over-year consumer price inflation exceed five percent at any point between now and the horizon?,1,0.1156,blend of regime model and condition chain,0.1156,0.071,0.1602,0.2867,0.2993,SHIP MODEL,SHIP MODEL,any_time_within_horizon,76.8,0.3717
consumer_price_inflation_above_five_percent_within_horizon,Does year-over-year consumer price inflation exceed five percent at any point between now and the horizon?,5,0.5167,"base rate (model-sample climatology, R1)",0.5229,0.5041,0.5416,0.5167,0.5366,SHIP BASE RATE,SHIP BASE RATE,any_time_within_horizon,74.5,0.0516
consumer_price_inflation_above_five_percent_within_horizon,Does year-over-year consumer price inflation exceed five percent at any point between now and the horizon?,10,0.7339,"base rate (model-sample climatology, R1)",0.7883,0.7917,0.785,0.7339,0.7457,SHIP BASE RATE,SHIP BASE RATE,any_time_within_horizon,74.2,0.0101
consumer_price_inflation_above_three_percent_at_horizon,Is year-over-year consumer price inflation above three percent in the horizon month?,1,0.4852,blend of regime model and condition chain,0.4852,0.4,0.5704,0.4693,0.4713,SHIP MODEL,SHIP MODEL,point_in_time,67.2,0.3717
consumer_price_inflation_above_three_percent_at_horizon,Is year-over-year consumer price inflation above three percent in the horizon month?,5,0.4923,"base rate (model-sample climatology, R1)",0.4586,0.4413,0.476,0.4923,0.4675,SHIP BASE RATE,SHIP BASE RATE,point_in_time,62.4,0.0516
consumer_price_inflation_above_three_percent_at_horizon,Is year-over-year consumer price inflation above three percent in the horizon month?,10,0.5095,"base rate (model-sample climatology, R1)",0.4684,0.4611,0.4757,0.5095,0.4988,SHIP BASE RATE,SHIP BASE RATE,point_in_time,61.9,0.0101
economy_in_recession_at_horizon_date,Is the United States economy in a recession dated by the National Bureau of Economic Research in the single month of the horizon date?,1,0.0994,blend of regime model and condition chain,0.0994,0.0792,0.1195,0.1278,0.284,SHIP MODEL,SHIP MODEL,point_in_time,64.6,0.3717
economy_in_recession_at_horizon_date,Is the United States economy in a recession dated by the National Bureau of Economic Research in the single month of the horizon date?,5,0.1232,"base rate (model-sample climatology, R1)",0.1195,0.113,0.1261,0.1232,0.2818,SHIP BASE RATE,SHIP BASE RATE,point_in_time,61.4,0.0516
economy_in_recession_at_horizon_date,Is the United States economy in a recession dated by the National Bureau of Economic Research in the single month of the horizon date?,10,0.1134,"base rate (model-sample climatology, R1)",0.1219,0.1176,0.1261,0.1134,0.2865,SHIP BASE RATE,SHIP BASE RATE,point_in_time,61.0,0.0101
economy_in_recession_within_horizon,Is the United States economy in a recession dated by the National Bureau of Economic Research at any point between now and the horizon?,1,0.1523,blend of regime model and condition chain,0.1523,0.0731,0.2314,0.2647,0.4673,SHIP MODEL,SHIP MODEL,any_time_within_horizon,71.9,0.3717
economy_in_recession_within_horizon,Is the United States economy in a recession dated by the National Bureau of Economic Research at any point between now and the horizon?,5,0.7273,"base rate (model-sample climatology, R1)",0.5349,0.4595,0.6103,0.7273,0.8752,SHIP BASE RATE,SHIP BASE RATE,any_time_within_horizon,70.4,0.0516
economy_in_recession_within_horizon,Is the United States economy in a recession dated by the National Bureau of Economic Research at any point between now and the horizon?,10,0.9871,"base rate (model-sample climatology, R1)",0.7849,0.7365,0.8332,0.9871,0.9948,SHIP BASE RATE,SHIP BASE RATE,any_time_within_horizon,70.2,0.0101
federal_funds_rate_above_four_percent_at_horizon,Is the effective federal funds rate above four percent in the horizon month?,1,0.4045,blend of regime model and condition chain,0.4045,0.6243,0.1848,0.5369,0.5376,SHIP MODEL,SHIP MODEL,point_in_time,66.3,0.3717
federal_funds_rate_above_four_percent_at_horizon,Is the effective federal funds rate above four percent in the horizon month?,5,0.5689,"base rate (model-sample climatology, R1)",0.4795,0.5002,0.4588,0.5689,0.5697,SHIP BASE RATE,SHIP BASE RATE,point_in_time,60.3,0.0516
federal_funds_rate_above_four_percent_at_horizon,Is the effective federal funds rate above four percent in the horizon month?,10,0.6148,"base rate (model-sample climatology, R1)",0.5125,0.5052,0.5197,0.6148,0.6156,SHIP BASE RATE,SHIP BASE RATE,point_in_time,59.8,0.0101
federal_funds_rate_below_one_percent_within_horizon,Does the effective federal funds rate fall below one percent at any point between now and the horizon?,1,0.0555,blend of regime model and condition chain,0.0555,0.0255,0.0855,0.2145,0.2148,SHIP MODEL,SHIP MODEL,any_time_within_horizon,77.1,0.3717
federal_funds_rate_below_one_percent_within_horizon,Does the effective federal funds rate fall below one percent at any point between now and the horizon?,5,0.3975,"base rate (model-sample climatology, R1)",0.2882,0.2329,0.3434,0.3975,0.3968,SHIP BASE RATE,SHIP BASE RATE,any_time_within_horizon,74.1,0.0516
federal_funds_rate_below_one_percent_within_horizon,Does the effective federal funds rate fall below one percent at any point between now and the horizon?,10,0.4295,"base rate (model-sample climatology, R1)",0.4986,0.4311,0.566,0.4295,0.4288,SHIP BASE RATE,SHIP BASE RATE,any_time_within_horizon,73.8,0.0101
industrial_production_growth_above_two_percent_at_horizon,Is industrial production growing more than two percent year over year in the horizon month?,1,0.5694,blend of regime model and condition chain,0.5694,0.6227,0.5161,0.5792,0.5928,SHIP MODEL,SHIP MODEL,point_in_time,67.4,0.3717
industrial_production_growth_above_two_percent_at_horizon,Is industrial production growing more than two percent year over year in the horizon month?,5,0.5802,"base rate (model-sample climatology, R1)",0.5812,0.5887,0.5737,0.5802,0.5924,SHIP BASE RATE,SHIP BASE RATE,point_in_time,62.5,0.0516
industrial_production_growth_above_two_percent_at_horizon,Is industrial production growing more than two percent year over year in the horizon month?,10,0.5736,"base rate (model-sample climatology, R1)",0.5798,0.5858,0.5738,0.5736,0.5911,SHIP BASE RATE,SHIP BASE RATE,point_in_time,62.0,0.0101
treasury_yield_curve_inverted_within_horizon,"Does the ten-year Treasury yield fall below the three-month bill rate, an inverted yield curve, at any point between now and the horizon?",1,0.1745,blend of regime model and condition chain,0.1745,0.1552,0.1937,0.2339,0.2341,SHIP MODEL,SHIP MODEL,any_time_within_horizon,77.7,0.3717
treasury_yield_curve_inverted_within_horizon,"Does the ten-year Treasury yield fall below the three-month bill rate, an inverted yield curve, at any point between now and the horizon?",5,0.5573,"base rate (model-sample climatology, R1)",0.5723,0.5056,0.639,0.5573,0.5568,SHIP BASE RATE,SHIP BASE RATE,any_time_within_horizon,74.8,0.0516
treasury_yield_curve_inverted_within_horizon,"Does the ten-year Treasury yield fall below the three-month bill rate, an inverted yield curve, at any point between now and the horizon?",10,0.7697,"base rate (model-sample climatology, R1)",0.8122,0.7565,0.8678,0.7697,0.7694,SHIP BASE RATE,SHIP BASE RATE,any_time_within_horizon,74.5,0.0101
unemployment_rate_above_five_percent_at_horizon,Is the unemployment rate above five percent in the horizon month?,1,0.4528,blend of regime model and condition chain,0.4528,0.5367,0.3689,0.6156,0.6093,SHIP MODEL,SHIP MODEL,point_in_time,67.4,0.3717
unemployment_rate_above_five_percent_at_horizon,Is the unemployment rate above five percent in the horizon month?,5,0.6387,"base rate (model-sample climatology, R1)",0.6063,0.6127,0.5999,0.6387,0.6254,SHIP BASE RATE,SHIP BASE RATE,point_in_time,62.5,0.0516
unemployment_rate_above_five_percent_at_horizon,Is the unemployment rate above five percent in the horizon month?,10,0.6429,"base rate (model-sample climatology, R1)",0.6116,0.6157,0.6074,0.6429,0.6565,SHIP BASE RATE,SHIP BASE RATE,point_in_time,62.0,0.0101
unemployment_rate_above_seven_percent_within_horizon,Does the unemployment rate exceed seven percent at any point between now and the horizon?,1,0.1288,blend of regime model and condition chain,0.1288,0.0913,0.1663,0.307,0.3084,SHIP MODEL,SHIP MODEL,any_time_within_horizon,77.4,0.3717
unemployment_rate_above_seven_percent_within_horizon,Does the unemployment rate exceed seven percent at any point between now and the horizon?,5,0.6623,"base rate (model-sample climatology, R1)",0.5176,0.46,0.5751,0.6623,0.6598,SHIP BASE RATE,SHIP BASE RATE,any_time_within_horizon,75.0,0.0516
unemployment_rate_above_seven_percent_within_horizon,Does the unemployment rate exceed seven percent at any point between now and the horizon?,10,0.8586,"base rate (model-sample climatology, R1)",0.7729,0.7287,0.8171,0.8586,0.8647,SHIP BASE RATE,SHIP BASE RATE,any_time_within_horizon,74.7,0.0101
