indicator,question,horizon_years,probability,source,model_probability,climatological_base_rate,composition,effective_sample_size,distance_to_stationary
consumer_price_inflation_above_five_percent_within_horizon,Does year-over-year consumer price inflation exceed five percent at any point between now and the horizon?,1,0.2993,base rate,0.0284,0.2993,any_time_within_horizon,244.1,0.433
consumer_price_inflation_above_five_percent_within_horizon,Does year-over-year consumer price inflation exceed five percent at any point between now and the horizon?,5,0.5366,base rate,0.2936,0.5366,any_time_within_horizon,238.5,0.1613
consumer_price_inflation_above_five_percent_within_horizon,Does year-over-year consumer price inflation exceed five percent at any point between now and the horizon?,10,0.7457,base rate,0.5818,0.7457,any_time_within_horizon,238.5,0.0657
consumer_price_inflation_above_three_percent_at_horizon,Is year-over-year consumer price inflation above three percent in the horizon month?,1,0.4713,base rate,0.3337,0.4713,point_in_time,239.7,0.433
consumer_price_inflation_above_three_percent_at_horizon,Is year-over-year consumer price inflation above three percent in the horizon month?,5,0.4675,base rate,0.3641,0.4675,point_in_time,228.6,0.1613
consumer_price_inflation_above_three_percent_at_horizon,Is year-over-year consumer price inflation above three percent in the horizon month?,10,0.4988,base rate,0.4048,0.4988,point_in_time,228.5,0.0657
economy_in_recession_at_horizon_date,Is the United States economy in a recession dated by the National Bureau of Economic Research in the single month of the horizon date?,1,0.284,base rate,0.0705,0.284,point_in_time,232.1,0.433
economy_in_recession_at_horizon_date,Is the United States economy in a recession dated by the National Bureau of Economic Research in the single month of the horizon date?,5,0.2818,base rate,0.1009,0.2818,point_in_time,224.3,0.1613
economy_in_recession_at_horizon_date,Is the United States economy in a recession dated by the National Bureau of Economic Research in the single month of the horizon date?,10,0.2865,base rate,0.1112,0.2865,point_in_time,224.9,0.0657
economy_in_recession_within_horizon,Is the United States economy in a recession dated by the National Bureau of Economic Research at any point between now and the horizon?,1,0.4673,base rate,0.1059,0.4673,any_time_within_horizon,235.3,0.433
economy_in_recession_within_horizon,Is the United States economy in a recession dated by the National Bureau of Economic Research at any point between now and the horizon?,5,0.8752,base rate,0.4494,0.8752,any_time_within_horizon,231.4,0.1613
economy_in_recession_within_horizon,Is the United States economy in a recession dated by the National Bureau of Economic Research at any point between now and the horizon?,10,0.9948,base rate,0.7127,0.9948,any_time_within_horizon,231.7,0.0657
federal_funds_rate_above_four_percent_at_horizon,Is the effective federal funds rate above four percent in the horizon month?,1,0.5376,base rate,0.5243,0.5376,point_in_time,236.6,0.433
federal_funds_rate_above_four_percent_at_horizon,Is the effective federal funds rate above four percent in the horizon month?,5,0.5697,base rate,0.4469,0.5697,point_in_time,221.6,0.1613
federal_funds_rate_above_four_percent_at_horizon,Is the effective federal funds rate above four percent in the horizon month?,10,0.6156,base rate,0.4712,0.6156,point_in_time,220.0,0.0657
federal_funds_rate_below_one_percent_within_horizon,Does the effective federal funds rate fall below one percent at any point between now and the horizon?,1,0.2148,base rate,0.0602,0.2148,any_time_within_horizon,242.1,0.433
federal_funds_rate_below_one_percent_within_horizon,Does the effective federal funds rate fall below one percent at any point between now and the horizon?,5,0.3968,base rate,0.4074,0.3968,any_time_within_horizon,234.7,0.1613
federal_funds_rate_below_one_percent_within_horizon,Does the effective federal funds rate fall below one percent at any point between now and the horizon?,10,0.4288,base rate,0.6402,0.4288,any_time_within_horizon,233.8,0.0657
industrial_production_growth_above_two_percent_at_horizon,Is industrial production growing more than two percent year over year in the horizon month?,1,0.5928,base rate,0.6611,0.5928,point_in_time,240.5,0.433
industrial_production_growth_above_two_percent_at_horizon,Is industrial production growing more than two percent year over year in the horizon month?,5,0.5924,base rate,0.5902,0.5924,point_in_time,229.1,0.1613
industrial_production_growth_above_two_percent_at_horizon,Is industrial production growing more than two percent year over year in the horizon month?,10,0.5911,base rate,0.5823,0.5911,point_in_time,228.8,0.0657
treasury_yield_curve_inverted_within_horizon,"Does the ten-year Treasury yield fall below the three-month bill rate, an inverted yield curve, at any point between now and the horizon?",1,0.2341,base rate,0.1664,0.2341,any_time_within_horizon,245.2,0.433
treasury_yield_curve_inverted_within_horizon,"Does the ten-year Treasury yield fall below the three-month bill rate, an inverted yield curve, at any point between now and the horizon?",5,0.5568,base rate,0.5087,0.5568,any_time_within_horizon,238.0,0.1613
treasury_yield_curve_inverted_within_horizon,"Does the ten-year Treasury yield fall below the three-month bill rate, an inverted yield curve, at any point between now and the horizon?",10,0.7694,base rate,0.7259,0.7694,any_time_within_horizon,237.2,0.0657
unemployment_rate_above_five_percent_at_horizon,Is the unemployment rate above five percent in the horizon month?,1,0.6093,base rate,0.5039,0.6093,point_in_time,240.5,0.433
unemployment_rate_above_five_percent_at_horizon,Is the unemployment rate above five percent in the horizon month?,5,0.6254,base rate,0.5974,0.6254,point_in_time,229.1,0.1613
unemployment_rate_above_five_percent_at_horizon,Is the unemployment rate above five percent in the horizon month?,10,0.6565,base rate,0.6065,0.6565,point_in_time,228.8,0.0657
unemployment_rate_above_seven_percent_within_horizon,Does the unemployment rate exceed seven percent at any point between now and the horizon?,1,0.3084,base rate,0.1129,0.3084,any_time_within_horizon,245.0,0.433
unemployment_rate_above_seven_percent_within_horizon,Does the unemployment rate exceed seven percent at any point between now and the horizon?,5,0.6598,base rate,0.5025,0.6598,any_time_within_horizon,239.3,0.1613
unemployment_rate_above_seven_percent_within_horizon,Does the unemployment rate exceed seven percent at any point between now and the horizon?,10,0.8647,base rate,0.7737,0.8647,any_time_within_horizon,239.1,0.0657
