horizon_in_months,difference,lower_bound,upper_bound,block_length,benchmark
1,-0.216976,-0.265344,-0.174987,12,series-start
1,-0.242551,-0.357721,-0.1806,12,model-sample
2,-0.194435,-0.239955,-0.15544,12,series-start
2,-0.216844,-0.314434,-0.160669,12,model-sample
3,-0.171691,-0.21415,-0.13423,12,series-start
3,-0.191764,-0.27552,-0.138938,12,model-sample
4,-0.145164,-0.185809,-0.107804,12,series-start
4,-0.16348,-0.23685,-0.112513,12,model-sample
5,-0.126673,-0.166431,-0.09043,12,series-start
5,-0.143841,-0.20988,-0.095188,12,model-sample
6,-0.114227,-0.154133,-0.079397,12,series-start
6,-0.130042,-0.191645,-0.083578,12,model-sample
7,-0.104221,-0.144459,-0.070277,12,series-start
7,-0.118926,-0.177125,-0.074747,12,model-sample
8,-0.090876,-0.130797,-0.058025,12,series-start
8,-0.104793,-0.161202,-0.062567,12,model-sample
9,-0.079964,-0.119144,-0.048124,12,series-start
9,-0.092934,-0.145499,-0.052216,12,model-sample
10,-0.070529,-0.108894,-0.039108,12,series-start
10,-0.082779,-0.132275,-0.042885,12,model-sample
11,-0.063501,-0.101362,-0.031753,12,series-start
11,-0.075143,-0.122651,-0.035515,12,model-sample
12,-0.058195,-0.096065,-0.026068,12,series-start
12,-0.069147,-0.114798,-0.029212,12,model-sample
13,-0.053417,-0.091889,-0.020341,13,series-start
13,-0.063794,-0.109852,-0.023501,13,model-sample
14,-0.049677,-0.087099,-0.015504,14,series-start
14,-0.05954,-0.103669,-0.017954,14,model-sample
15,-0.044308,-0.082476,-0.009249,15,series-start
15,-0.05376,-0.098292,-0.010725,15,model-sample
16,-0.03996,-0.078395,-0.003273,16,series-start
16,-0.048976,-0.093034,-0.004835,16,model-sample
17,-0.035079,-0.073741,0.002144,17,series-start
17,-0.043504,-0.087385,0.001548,17,model-sample
18,-0.030414,-0.0703,0.008035,18,series-start
18,-0.038326,-0.083416,0.009392,18,model-sample
19,-0.025503,-0.06722,0.014391,19,series-start
19,-0.033013,-0.079197,0.015691,19,model-sample
20,-0.020173,-0.062194,0.020328,20,series-start
20,-0.02726,-0.073345,0.022461,20,model-sample
21,-0.014955,-0.058566,0.025356,21,series-start
21,-0.021647,-0.068972,0.027909,21,model-sample
22,-0.010383,-0.056854,0.031233,22,series-start
22,-0.016775,-0.066819,0.034713,22,model-sample
23,-0.006626,-0.054513,0.03526,23,series-start
23,-0.012633,-0.063859,0.039048,23,model-sample
24,-0.003313,-0.052996,0.038864,24,series-start
24,-0.008876,-0.061636,0.042997,24,model-sample
25,-0.001029,-0.051325,0.042429,25,series-start
25,-0.006186,-0.060158,0.047462,25,model-sample
26,0.000951,-0.051251,0.045275,26,series-start
26,-0.003847,-0.059348,0.05003,26,model-sample
27,0.002368,-0.051347,0.048304,27,series-start
27,-0.002195,-0.059412,0.05395,27,model-sample
28,0.003998,-0.053165,0.051146,28,series-start
28,-0.000422,-0.060305,0.055811,28,model-sample
29,0.005566,-0.053602,0.054515,29,series-start
29,0.001285,-0.060702,0.059348,29,model-sample
30,0.006503,-0.056087,0.057347,30,series-start
30,0.002315,-0.063033,0.062675,30,model-sample
31,0.008541,-0.056348,0.060157,31,series-start
31,0.004397,-0.062779,0.06533,31,model-sample
32,0.009524,-0.058007,0.063304,32,series-start
32,0.0054,-0.064723,0.068845,32,model-sample
33,0.009909,-0.060685,0.064448,33,series-start
33,0.005771,-0.066588,0.069153,33,model-sample
34,0.009779,-0.063041,0.066726,34,series-start
34,0.005693,-0.069025,0.071889,34,model-sample
35,0.009449,-0.065402,0.068338,35,series-start
35,0.005378,-0.071583,0.0729,35,model-sample
36,0.008323,-0.068959,0.069554,36,series-start
36,0.004265,-0.074974,0.074721,36,model-sample
37,0.007693,-0.072206,0.070767,37,series-start
37,0.003613,-0.07835,0.076407,37,model-sample
38,0.007744,-0.076122,0.072465,38,series-start
38,0.003725,-0.081835,0.077989,38,model-sample
39,0.007852,-0.079242,0.074001,39,series-start
39,0.003887,-0.085483,0.078239,39,model-sample
40,0.008158,-0.081405,0.074983,40,series-start
40,0.004251,-0.087385,0.080017,40,model-sample
41,0.007882,-0.084873,0.075141,41,series-start
41,0.003949,-0.090711,0.080341,41,model-sample
42,0.006801,-0.089118,0.076206,42,series-start
42,0.002835,-0.094898,0.080826,42,model-sample
43,0.005356,-0.094838,0.077459,43,series-start
43,0.001408,-0.100032,0.081295,43,model-sample
44,0.004144,-0.099697,0.076299,44,series-start
44,0.000242,-0.106103,0.081181,44,model-sample
45,0.003243,-0.103447,0.077367,45,series-start
45,-0.000585,-0.108652,0.082194,45,model-sample
46,0.001834,-0.107956,0.077999,46,series-start
46,-0.001987,-0.112535,0.081837,46,model-sample
47,0.000645,-0.112453,0.078413,47,series-start
47,-0.003138,-0.116993,0.082243,47,model-sample
48,-0.000595,-0.119102,0.079136,48,series-start
48,-0.004427,-0.122428,0.082337,48,model-sample
49,-0.00151,-0.12737,0.07811,49,series-start
49,-0.00539,-0.130351,0.081648,49,model-sample
50,-0.002814,-0.133261,0.078039,50,series-start
50,-0.006726,-0.135107,0.081715,50,model-sample
51,-0.004178,-0.138687,0.077486,51,series-start
51,-0.008102,-0.139436,0.080846,51,model-sample
52,-0.005479,-0.142386,0.078293,52,series-start
52,-0.009399,-0.144134,0.080848,52,model-sample
53,-0.007085,-0.147591,0.078322,53,series-start
53,-0.011025,-0.148798,0.081138,53,model-sample
54,-0.007924,-0.151073,0.078501,54,series-start
54,-0.011746,-0.152633,0.081487,54,model-sample
55,-0.008906,-0.156969,0.078525,55,series-start
55,-0.012631,-0.156925,0.082323,55,model-sample
56,-0.00986,-0.162772,0.077886,56,series-start
56,-0.013514,-0.161557,0.080686,56,model-sample
57,-0.01122,-0.165774,0.0779,57,series-start
57,-0.014827,-0.165675,0.081305,57,model-sample
58,-0.012517,-0.171177,0.075973,58,series-start
58,-0.016084,-0.168431,0.07881,58,model-sample
59,-0.014393,-0.17513,0.075392,59,series-start
59,-0.017962,-0.171536,0.078492,59,model-sample
60,-0.015893,-0.177557,0.075693,60,series-start
60,-0.01952,-0.17275,0.079052,60,model-sample
61,-0.017419,-0.180168,0.07688,61,series-start
61,-0.021104,-0.174155,0.079036,61,model-sample
62,-0.01837,-0.184475,0.076965,62,series-start
62,-0.021956,-0.176795,0.080064,62,model-sample
63,-0.019633,-0.190599,0.077312,63,series-start
63,-0.023135,-0.182181,0.08005,63,model-sample
64,-0.021188,-0.20061,0.075937,64,series-start
64,-0.024627,-0.190397,0.078598,64,model-sample
65,-0.023545,-0.214938,0.072246,65,series-start
65,-0.027074,-0.199944,0.075359,65,model-sample
66,-0.025255,-0.229797,0.072427,66,series-start
66,-0.028875,-0.20815,0.07469,66,model-sample
67,-0.026769,-0.242716,0.072152,67,series-start
67,-0.030476,-0.2162,0.074272,67,model-sample
68,-0.029271,-0.246587,0.071494,68,series-start
68,-0.033195,-0.218676,0.073815,68,model-sample
69,-0.032304,-0.269985,0.070248,69,series-start
69,-0.036413,-0.231462,0.072398,69,model-sample
70,-0.035542,-0.299762,0.069418,70,series-start
70,-0.039824,-0.248318,0.071057,70,model-sample
71,-0.038917,-0.337979,0.067812,71,series-start
71,-0.043368,-0.268308,0.068626,71,model-sample
72,-0.042668,-0.392673,0.065865,72,series-start
72,-0.047247,-0.295036,0.067015,72,model-sample
73,-0.046836,-0.46064,0.064747,73,series-start
73,-0.051504,-0.329358,0.065675,73,model-sample
74,-0.051054,-0.427131,0.063085,74,series-start
74,-0.055686,-0.322149,0.063776,74,model-sample
75,-0.054432,-0.431107,0.061868,75,series-start
75,-0.059072,-0.329087,0.06281,75,model-sample
76,-0.05768,-0.443387,0.061211,76,series-start
76,-0.062316,-0.33234,0.06247,76,model-sample
77,-0.061597,-0.460721,0.059553,77,series-start
77,-0.066181,-0.351643,0.061415,77,model-sample
78,-0.063717,-0.462259,0.056656,78,series-start
78,-0.068285,-0.363184,0.057262,78,model-sample
79,-0.065912,-0.452112,0.055954,79,series-start
79,-0.070464,-0.359142,0.056825,79,model-sample
80,-0.068393,-0.456064,0.054993,80,series-start
80,-0.072952,-0.360955,0.055613,80,model-sample
81,-0.070903,-0.442238,0.052437,81,series-start
81,-0.075485,-0.361675,0.054141,81,model-sample
82,-0.073989,-0.430065,0.050723,82,series-start
82,-0.0786,-0.365214,0.052853,82,model-sample
83,-0.077383,-0.416897,0.048633,83,series-start
83,-0.082062,-0.361808,0.050803,83,model-sample
84,-0.08096,-0.391069,0.047909,84,series-start
84,-0.085737,-0.346865,0.050491,84,model-sample
85,-0.08456,-0.370058,0.047066,85,series-start
85,-0.089419,-0.332712,0.049243,85,model-sample
86,-0.086022,-0.363203,0.044428,86,series-start
86,-0.090771,-0.332836,0.046623,86,model-sample
87,-0.087591,-0.352443,0.042729,87,series-start
87,-0.09222,-0.330244,0.044561,87,model-sample
88,-0.089007,-0.34263,0.040658,88,series-start
88,-0.093518,-0.324245,0.04208,88,model-sample
89,-0.090205,-0.32417,0.038462,89,series-start
89,-0.094591,-0.314343,0.04014,89,model-sample
90,-0.091652,-0.318932,0.035126,90,series-start
90,-0.095896,-0.31285,0.036097,90,model-sample
91,-0.092802,-0.310686,0.032008,91,series-start
91,-0.096909,-0.309729,0.033098,91,model-sample
92,-0.094033,-0.307698,0.028936,92,series-start
92,-0.097991,-0.310607,0.029857,92,model-sample
93,-0.095567,-0.296253,0.026188,93,series-start
93,-0.09936,-0.299231,0.026702,93,model-sample
94,-0.09764,-0.294957,0.023371,94,series-start
94,-0.10143,-0.300351,0.023639,94,model-sample
95,-0.099824,-0.34927,0.019584,95,series-start
95,-0.103511,-0.346213,0.020162,95,model-sample
96,-0.101806,-0.390262,0.016656,96,series-start
96,-0.105402,-0.386735,0.017254,96,model-sample
97,-0.103425,-0.414516,0.013994,97,series-start
97,-0.106887,-0.405417,0.014073,97,model-sample
98,-0.105232,-0.257922,0.00859,98,series-start
98,-0.108552,-0.261314,0.00731,98,model-sample
99,-0.107159,-0.273339,0.006338,99,series-start
99,-0.110361,-0.279676,0.005228,99,model-sample
100,-0.108821,-0.288867,0.004961,100,series-start
100,-0.1119,-0.295755,0.003618,100,model-sample
101,-0.110651,-0.310416,0.003281,101,series-start
101,-0.113563,-0.316171,0.002384,101,model-sample
102,-0.112732,-0.306461,0.001443,102,series-start
102,-0.115468,-0.310121,0.000411,102,model-sample
103,-0.115288,-0.285973,-0.000556,103,series-start
103,-0.117821,-0.290748,-0.001438,103,model-sample
104,-0.117921,-0.319792,-0.00257,104,series-start
104,-0.120247,-0.327392,-0.003223,104,model-sample
105,-0.120917,-0.37703,-0.004649,105,series-start
105,-0.123016,-0.381195,-0.005018,105,model-sample
106,-0.124317,-0.388415,-0.007485,106,series-start
106,-0.126167,-0.394774,-0.007913,106,model-sample
107,-0.128114,-0.38001,-0.010292,107,series-start
107,-0.129705,-0.384826,-0.009866,107,model-sample
108,-0.132437,-0.337096,-0.012268,108,series-start
108,-0.13392,-0.342908,-0.01207,108,model-sample
109,-0.136928,-0.34522,-0.016658,109,series-start
109,-0.138266,-0.348941,-0.015395,109,model-sample
110,-0.141933,-0.403259,-0.01996,110,series-start
110,-0.143119,-0.408194,-0.018465,110,model-sample
111,-0.147632,-0.391066,-0.023857,111,series-start
111,-0.148677,-0.394025,-0.021959,111,model-sample
112,-0.153453,-0.388798,-0.026862,112,series-start
112,-0.15436,-0.392317,-0.02332,112,model-sample
113,-0.159585,-0.365401,-0.030204,113,series-start
113,-0.160429,-0.368202,-0.026102,113,model-sample
114,-0.164376,-0.356057,-0.033669,114,series-start
114,-0.165147,-0.358257,-0.029116,114,model-sample
115,-0.169623,-0.355179,-0.036747,115,series-start
115,-0.17031,-0.35724,-0.031945,115,model-sample
116,-0.175523,-0.386975,-0.041374,116,series-start
116,-0.176067,-0.385193,-0.035668,116,model-sample
117,-0.211278,-0.378115,-0.06559,117,series-start
117,-0.211702,-0.377582,-0.060853,117,model-sample
118,-0.220034,-0.371006,-0.069024,118,series-start
118,-0.220243,-0.371033,-0.06317,118,model-sample
119,-0.230664,-0.343533,-0.073444,119,series-start
119,-0.230558,-0.341656,-0.066558,119,model-sample
120,-0.243822,-0.328948,-0.079335,120,series-start
120,-0.243359,-0.327107,-0.071861,120,model-sample
