horizon_in_months,forecaster,mean_skill,lower_bound,upper_bound,pooled_skill,block_length,dates,scoreable_indicators,benchmark,carries_skill,effective_independent_observations,informative,mean_distance_to_stationary
1,regime model,0.39588,0.300927,0.481858,0.373529,12,389,10,series-start,True,32.416667,True,0.757521
1,condition chain,0.612856,0.522196,0.693217,0.64397,12,389,10,series-start,True,32.416667,True,0.757521
1,regime model,0.289824,0.160695,0.368597,0.342715,12,389,10,model-sample,True,32.416667,True,0.757521
1,condition chain,0.532375,0.477033,0.579594,0.626458,12,389,10,model-sample,True,32.416667,True,0.757521
2,regime model,0.380105,0.284172,0.469265,0.359964,12,388,10,series-start,True,32.333333,True,0.707011
2,condition chain,0.57454,0.482062,0.659965,0.600559,12,388,10,series-start,True,32.333333,True,0.707011
2,regime model,0.277685,0.169956,0.354175,0.327741,12,388,10,model-sample,True,32.333333,True,0.707011
2,condition chain,0.494529,0.43728,0.546423,0.580449,12,388,10,model-sample,True,32.333333,True,0.707011
3,regime model,0.367909,0.271721,0.458587,0.348015,12,387,10,series-start,True,32.25,True,0.67323
3,condition chain,0.5396,0.443551,0.628263,0.559425,12,387,10,series-start,True,32.25,True,0.67323
3,regime model,0.268197,0.17504,0.34385,0.314373,12,387,10,model-sample,True,32.25,True,0.67323
3,condition chain,0.459961,0.400096,0.514667,0.536692,12,387,10,model-sample,True,32.25,True,0.67323
4,regime model,0.357504,0.260661,0.449381,0.338807,12,386,10,series-start,True,32.166667,True,0.641884
4,condition chain,0.502667,0.403125,0.593158,0.516009,12,386,10,series-start,True,32.166667,True,0.641884
4,regime model,0.259847,0.173802,0.333387,0.303829,12,386,10,model-sample,True,32.166667,True,0.641884
4,condition chain,0.423328,0.360402,0.480406,0.490406,12,386,10,model-sample,True,32.166667,True,0.641884
5,regime model,0.345094,0.247193,0.438744,0.327117,12,385,10,series-start,True,32.083333,True,0.612327
5,condition chain,0.471767,0.371183,0.563576,0.480346,12,385,10,series-start,True,32.083333,True,0.612327
5,regime model,0.249091,0.167021,0.322773,0.290602,12,385,10,model-sample,True,32.083333,True,0.612327
5,condition chain,0.392933,0.328212,0.451894,0.452147,12,385,10,model-sample,True,32.083333,True,0.612327
6,regime model,0.330786,0.231182,0.42481,0.313927,12,384,10,series-start,True,32.0,True,0.584538
6,condition chain,0.445013,0.343205,0.53734,0.451172,12,384,10,series-start,True,32.0,True,0.584538
6,regime model,0.236464,0.155236,0.312457,0.275686,12,384,10,model-sample,True,32.0,True,0.584538
6,condition chain,0.366506,0.300484,0.427382,0.420581,12,384,10,model-sample,True,32.0,True,0.584538
7,regime model,0.316996,0.215031,0.411196,0.301323,12,383,10,series-start,True,31.916667,True,0.558459
7,condition chain,0.421217,0.32032,0.51532,0.425605,12,383,10,series-start,True,31.916667,True,0.558459
7,regime model,0.224021,0.143899,0.299719,0.261313,12,383,10,model-sample,True,31.916667,True,0.558459
7,condition chain,0.342947,0.276503,0.405416,0.392711,12,383,10,model-sample,True,31.916667,True,0.558459
8,regime model,0.304525,0.202627,0.398807,0.290359,12,382,10,series-start,True,31.833333,True,0.534457
8,condition chain,0.395402,0.294625,0.490057,0.397782,12,382,10,series-start,True,31.833333,True,0.534457
8,regime model,0.212493,0.134216,0.2895,0.248622,12,382,10,model-sample,True,31.833333,True,0.534457
8,condition chain,0.317285,0.250603,0.381158,0.362363,12,382,10,model-sample,True,31.833333,True,0.534457
9,regime model,0.294752,0.192812,0.390177,0.282159,12,381,10,series-start,True,31.75,True,0.512563
9,condition chain,0.374715,0.274882,0.469276,0.376227,12,381,10,series-start,True,31.75,True,0.512563
9,regime model,0.203823,0.126273,0.281552,0.238887,12,381,10,model-sample,True,31.75,True,0.512563
9,condition chain,0.296757,0.22981,0.361697,0.338625,12,381,10,model-sample,True,31.75,True,0.512563
10,regime model,0.284966,0.182589,0.38095,0.273872,12,380,10,series-start,True,31.666667,True,0.492601
10,condition chain,0.355495,0.256244,0.449393,0.356484,12,380,10,series-start,True,31.666667,True,0.492601
10,regime model,0.194858,0.118543,0.273043,0.229018,12,380,10,model-sample,True,31.666667,True,0.492601
10,condition chain,0.277637,0.210612,0.342855,0.316734,12,380,10,model-sample,True,31.666667,True,0.492601
11,regime model,0.275876,0.173117,0.372236,0.266322,12,379,10,series-start,True,31.583333,True,0.474273
11,condition chain,0.339378,0.241658,0.432112,0.340343,12,379,10,series-start,True,31.583333,True,0.474273
11,regime model,0.186425,0.10914,0.264713,0.219891,12,379,10,model-sample,True,31.583333,True,0.474273
11,condition chain,0.261568,0.195888,0.326654,0.298596,12,379,10,model-sample,True,31.583333,True,0.474273
12,regime model,0.267255,0.165183,0.364893,0.259013,12,378,10,series-start,True,31.5,True,0.45752
12,condition chain,0.325451,0.229068,0.416998,0.326703,12,378,10,series-start,True,31.5,True,0.45752
12,regime model,0.178596,0.102038,0.257792,0.211109,12,378,10,model-sample,True,31.5,True,0.45752
12,condition chain,0.247742,0.183026,0.312389,0.283175,12,378,10,model-sample,True,31.5,True,0.45752
13,regime model,0.259384,0.153935,0.359238,0.252532,13,377,10,series-start,True,29.0,True,0.442309
13,condition chain,0.312801,0.213938,0.405265,0.314526,13,377,10,series-start,True,29.0,True,0.442309
13,regime model,0.171495,0.092904,0.252775,0.203294,13,377,10,model-sample,True,29.0,True,0.442309
13,condition chain,0.235289,0.169117,0.300815,0.269371,13,377,10,model-sample,True,29.0,True,0.442309
14,regime model,0.251394,0.143422,0.352046,0.245893,14,376,10,series-start,True,26.857143,True,0.428003
14,condition chain,0.30107,0.202212,0.392992,0.303266,14,376,10,series-start,True,26.857143,True,0.428003
14,regime model,0.164116,0.084332,0.24824,0.195404,14,376,10,model-sample,True,26.857143,True,0.428003
14,condition chain,0.223657,0.155933,0.288575,0.256618,14,376,10,model-sample,True,26.857143,True,0.428003
15,regime model,0.244742,0.135438,0.348088,0.240609,15,375,10,series-start,True,25.0,True,0.414334
15,condition chain,0.28905,0.188705,0.380632,0.291711,15,375,10,series-start,True,25.0,True,0.414334
15,regime model,0.158195,0.075438,0.245024,0.189165,15,375,10,model-sample,True,25.0,True,0.414334
15,condition chain,0.211956,0.144102,0.277701,0.243729,15,375,10,model-sample,True,25.0,True,0.414334
16,regime model,0.238679,0.126069,0.342412,0.235999,16,374,10,series-start,True,23.375,True,0.401254
16,condition chain,0.278639,0.178214,0.368434,0.281964,16,374,10,series-start,True,23.375,True,0.401254
16,regime model,0.153025,0.068613,0.241456,0.183797,16,374,10,model-sample,True,23.375,True,0.401254
16,condition chain,0.202001,0.133798,0.266615,0.232902,16,374,10,model-sample,True,23.375,True,0.401254
17,regime model,0.233911,0.118165,0.339791,0.23269,17,373,10,series-start,True,21.941176,True,0.388714
17,condition chain,0.26899,0.167195,0.358989,0.273082,17,373,10,series-start,True,21.941176,True,0.388714
17,regime model,0.149283,0.062578,0.239296,0.179766,17,373,10,model-sample,True,21.941176,True,0.388714
17,condition chain,0.192787,0.123435,0.256655,0.222944,17,373,10,model-sample,True,21.941176,True,0.388714
18,regime model,0.229886,0.112986,0.334236,0.230096,18,372,10,series-start,True,20.666667,True,0.376755
18,condition chain,0.260301,0.160059,0.348007,0.265208,18,372,10,series-start,True,20.666667,True,0.376755
18,regime model,0.146198,0.057887,0.237273,0.176475,18,372,10,model-sample,True,20.666667,True,0.376755
18,condition chain,0.184524,0.117378,0.246943,0.214033,18,372,10,model-sample,True,20.666667,True,0.376755
19,regime model,0.225973,0.105665,0.331189,0.227635,19,371,10,series-start,True,19.526316,True,0.36541
19,condition chain,0.251476,0.151041,0.337202,0.257206,19,371,10,series-start,True,19.526316,True,0.36541
19,regime model,0.143045,0.050256,0.235347,0.173246,19,371,10,model-sample,True,19.526316,True,0.36541
19,condition chain,0.176057,0.1079,0.237082,0.204899,19,371,10,model-sample,True,19.526316,True,0.36541
20,regime model,0.223343,0.100799,0.329784,0.226265,20,370,10,series-start,True,18.5,True,0.354642
20,condition chain,0.243516,0.143057,0.326522,0.249955,20,370,10,series-start,True,18.5,True,0.354642
20,regime model,0.141349,0.046748,0.235504,0.171439,20,370,10,model-sample,True,18.5,True,0.354642
20,condition chain,0.168609,0.09927,0.228154,0.196808,20,370,10,model-sample,True,18.5,True,0.354642
21,regime model,0.221284,0.094677,0.323549,0.225411,21,369,10,series-start,True,17.571429,True,0.344369
21,condition chain,0.236238,0.135428,0.31456,0.243382,21,369,10,series-start,True,17.571429,True,0.344369
21,regime model,0.139887,0.041812,0.232071,0.169968,21,369,10,model-sample,True,17.571429,True,0.344369
21,condition chain,0.161534,0.092289,0.218967,0.189226,21,369,10,model-sample,True,17.571429,True,0.344369
22,regime model,0.219645,0.088091,0.322587,0.224988,22,368,10,series-start,True,16.727273,True,0.334524
22,condition chain,0.230028,0.126884,0.307858,0.237831,22,368,10,series-start,True,16.727273,True,0.334524
22,regime model,0.139161,0.035658,0.232828,0.16943,22,368,10,model-sample,True,16.727273,True,0.334524
22,condition chain,0.155936,0.085111,0.212438,0.183194,22,368,10,model-sample,True,16.727273,True,0.334524
23,regime model,0.216414,0.081473,0.321863,0.22306,23,367,10,series-start,True,15.956522,True,0.325145
23,condition chain,0.223039,0.119621,0.300217,0.231594,23,367,10,series-start,True,15.956522,True,0.325145
23,regime model,0.137062,0.030556,0.231676,0.167509,23,367,10,model-sample,True,15.956522,True,0.325145
23,condition chain,0.149695,0.078916,0.206406,0.176654,23,367,10,model-sample,True,15.956522,True,0.325145
24,regime model,0.213559,0.076982,0.318406,0.221196,24,366,10,series-start,True,15.25,True,0.316219
24,condition chain,0.216873,0.115359,0.293247,0.225999,24,366,10,series-start,True,15.25,True,0.316219
24,regime model,0.135395,0.026899,0.231479,0.165918,24,366,10,model-sample,True,15.25,True,0.316219
24,condition chain,0.144271,0.072917,0.20101,0.171062,24,366,10,model-sample,True,15.25,True,0.316219
25,regime model,0.209979,0.073637,0.315734,0.218632,25,365,10,series-start,True,14.6,True,0.307654
25,condition chain,0.211007,0.110812,0.286464,0.220672,25,365,10,series-start,True,14.6,True,0.307654
25,regime model,0.132949,0.023989,0.23072,0.163577,25,365,10,model-sample,True,14.6,True,0.307654
25,condition chain,0.139135,0.070276,0.195712,0.165761,25,365,10,model-sample,True,14.6,True,0.307654
26,regime model,0.206612,0.067308,0.311915,0.21614,26,364,10,series-start,True,14.0,True,0.299433
26,condition chain,0.205661,0.106738,0.280281,0.215701,26,364,10,series-start,True,14.0,True,0.299433
26,regime model,0.130559,0.017987,0.228343,0.161395,26,364,10,model-sample,True,14.0,True,0.299433
26,condition chain,0.134407,0.065806,0.191072,0.160925,26,364,10,model-sample,True,14.0,True,0.299433
27,regime model,0.202813,0.062345,0.309631,0.213188,27,363,10,series-start,True,13.444444,True,0.291568
27,condition chain,0.200445,0.103019,0.273575,0.210865,27,363,10,series-start,True,13.444444,True,0.291568
27,regime model,0.127845,0.013716,0.226866,0.158933,27,363,10,model-sample,True,13.444444,True,0.291568
27,condition chain,0.13004,0.063203,0.185099,0.156451,27,363,10,model-sample,True,13.444444,True,0.291568
28,regime model,0.199164,0.057232,0.307249,0.210369,28,362,10,series-start,True,12.928571,True,0.284049
28,condition chain,0.195167,0.098426,0.267262,0.205987,28,362,10,series-start,True,12.928571,True,0.284049
28,regime model,0.125163,0.007799,0.227076,0.156608,28,362,10,model-sample,True,12.928571,True,0.284049
28,condition chain,0.125585,0.058442,0.180149,0.151927,28,362,10,model-sample,True,12.928571,True,0.284049
29,regime model,0.195704,0.051099,0.304489,0.207601,29,361,10,series-start,True,12.448276,True,0.276902
29,condition chain,0.190138,0.094477,0.261303,0.201208,29,361,10,series-start,True,12.448276,True,0.276902
29,regime model,0.122795,0.004782,0.224832,0.154609,29,361,10,model-sample,True,12.448276,True,0.276902
29,condition chain,0.12151,0.055543,0.175267,0.147789,29,361,10,model-sample,True,12.448276,True,0.276902
30,regime model,0.192822,0.045329,0.304214,0.205115,30,360,10,series-start,True,12.0,True,0.270086
30,condition chain,0.186319,0.091144,0.258192,0.197483,30,360,10,series-start,True,12.0,True,0.270086
30,regime model,0.120987,-0.001911,0.225287,0.152903,30,360,10,model-sample,False,12.0,True,0.270086
30,condition chain,0.118672,0.05226,0.172025,0.14477,30,360,10,model-sample,True,12.0,True,0.270086
31,regime model,0.192199,0.04437,0.303457,0.204603,31,359,10,series-start,True,11.580645,True,0.263527
31,condition chain,0.183658,0.089751,0.253633,0.194764,31,359,10,series-start,True,11.580645,True,0.263527
31,regime model,0.121199,-0.00293,0.225825,0.153159,31,359,10,model-sample,False,11.580645,True,0.263527
31,condition chain,0.116802,0.051627,0.168525,0.142684,31,359,10,model-sample,True,11.580645,True,0.263527
32,regime model,0.19101,0.040141,0.303382,0.204179,32,358,10,series-start,True,11.1875,True,0.257222
32,condition chain,0.181487,0.089044,0.250052,0.193057,32,358,10,series-start,True,11.1875,True,0.257222
32,regime model,0.120994,-0.007018,0.226315,0.153716,32,358,10,model-sample,False,11.1875,True,0.257222
32,condition chain,0.115593,0.050205,0.166866,0.14189,32,358,10,model-sample,True,11.1875,True,0.257222
33,regime model,0.187966,0.032838,0.297395,0.202049,33,357,10,series-start,True,10.818182,True,0.251155
33,condition chain,0.178057,0.083794,0.245359,0.190246,33,357,10,series-start,True,10.818182,True,0.251155
33,regime model,0.118261,-0.011515,0.221974,0.15211,33,357,10,model-sample,False,10.818182,True,0.251155
33,condition chain,0.11249,0.046691,0.163187,0.139568,33,357,10,model-sample,True,10.818182,True,0.251155
34,regime model,0.185501,0.030249,0.296229,0.200486,34,356,10,series-start,True,10.470588,True,0.245297
34,condition chain,0.175722,0.083555,0.241244,0.188624,34,356,10,series-start,True,10.470588,True,0.245297
34,regime model,0.116162,-0.014272,0.221185,0.151088,34,356,10,model-sample,False,10.470588,True,0.245297
34,condition chain,0.110469,0.045738,0.159835,0.138493,34,356,10,model-sample,True,10.470588,True,0.245297
35,regime model,0.182055,0.02484,0.294741,0.197246,35,355,10,series-start,True,10.142857,True,0.239642
35,condition chain,0.172606,0.08057,0.238579,0.185682,35,355,10,series-start,True,10.142857,True,0.239642
35,regime model,0.113123,-0.01935,0.219634,0.1484,35,355,10,model-sample,False,10.142857,True,0.239642
35,condition chain,0.107745,0.043449,0.156235,0.136132,35,355,10,model-sample,True,10.142857,True,0.239642
36,regime model,0.177762,0.019488,0.292945,0.193175,36,354,10,series-start,True,9.833333,True,0.234187
36,condition chain,0.169439,0.078358,0.233288,0.182622,36,354,10,series-start,True,9.833333,True,0.234187
36,regime model,0.109442,-0.025,0.216447,0.145072,36,354,10,model-sample,False,9.833333,True,0.234187
36,condition chain,0.105178,0.041286,0.152218,0.13389,36,354,10,model-sample,True,9.833333,True,0.234187
37,regime model,0.174038,0.013692,0.29113,0.189657,37,353,10,series-start,True,9.540541,True,0.228927
37,condition chain,0.166345,0.077438,0.22956,0.179677,37,353,10,series-start,True,9.540541,True,0.228927
37,regime model,0.106355,-0.029783,0.215826,0.142358,37,353,10,model-sample,False,9.540541,True,0.228927
37,condition chain,0.102742,0.039896,0.149351,0.131797,37,353,10,model-sample,True,9.540541,True,0.228927
38,regime model,0.171196,0.008138,0.289309,0.186957,38,352,10,series-start,True,9.263158,True,0.22385
38,condition chain,0.163453,0.075551,0.225505,0.176786,38,352,10,series-start,True,9.263158,True,0.22385
38,regime model,0.104157,-0.035256,0.21442,0.140575,38,352,10,model-sample,False,9.263158,True,0.22385
38,condition chain,0.100432,0.037801,0.146641,0.129824,38,352,10,model-sample,True,9.263158,True,0.22385
39,regime model,0.168454,0.000233,0.288197,0.184443,39,351,10,series-start,True,9.0,True,0.218933
39,condition chain,0.160602,0.071913,0.222203,0.17396,39,351,10,series-start,True,9.0,True,0.218933
39,regime model,0.101808,-0.0415,0.213629,0.138754,39,351,10,model-sample,False,9.0,True,0.218933
39,condition chain,0.097921,0.035222,0.144286,0.127684,39,351,10,model-sample,True,9.0,True,0.218933
40,regime model,0.165996,-0.002688,0.285118,0.1822,40,350,10,series-start,False,8.75,True,0.214169
40,condition chain,0.157838,0.070442,0.218174,0.171216,40,350,10,series-start,True,8.75,True,0.214169
40,regime model,0.099759,-0.045482,0.211452,0.13722,40,350,10,model-sample,False,8.75,True,0.214169
40,condition chain,0.095508,0.033884,0.140738,0.125632,40,350,10,model-sample,True,8.75,True,0.214169
41,regime model,0.16283,-0.007519,0.281841,0.179321,41,349,10,series-start,False,8.512195,True,0.209578
41,condition chain,0.154947,0.06827,0.214864,0.168306,41,349,10,series-start,True,8.512195,True,0.209578
41,regime model,0.096786,-0.049378,0.208938,0.134941,41,349,10,model-sample,False,8.512195,True,0.209578
41,condition chain,0.092837,0.032312,0.137885,0.12333,41,349,10,model-sample,True,8.512195,True,0.209578
42,regime model,0.159201,-0.014673,0.279876,0.176037,42,348,10,series-start,False,8.285714,True,0.205139
42,condition chain,0.1524,0.066986,0.211628,0.165704,42,348,10,series-start,True,8.285714,True,0.205139
42,regime model,0.093349,-0.053949,0.206268,0.132237,42,348,10,model-sample,False,8.285714,True,0.205139
42,condition chain,0.090515,0.031247,0.135096,0.121354,42,348,10,model-sample,True,8.285714,True,0.205139
43,regime model,0.155687,-0.021593,0.278225,0.173254,43,347,10,series-start,False,8.069767,True,0.200832
43,condition chain,0.150332,0.065266,0.209361,0.163844,43,347,10,series-start,True,8.069767,True,0.200832
43,regime model,0.090309,-0.060497,0.206111,0.130137,43,347,10,model-sample,False,8.069767,True,0.200832
43,condition chain,0.088901,0.030362,0.133459,0.120236,43,347,10,model-sample,True,8.069767,True,0.200832
44,regime model,0.15241,-0.02635,0.275701,0.170682,44,346,10,series-start,False,7.863636,True,0.196676
44,condition chain,0.148266,0.063888,0.206372,0.161944,44,346,10,series-start,True,7.863636,True,0.196676
44,regime model,0.08753,-0.065396,0.203941,0.128255,44,346,10,model-sample,False,7.863636,True,0.196676
44,condition chain,0.087288,0.028836,0.131593,0.11907,44,346,10,model-sample,True,7.863636,True,0.196676
45,regime model,0.149683,-0.028783,0.274243,0.168665,45,345,10,series-start,False,7.666667,True,0.192649
45,condition chain,0.146441,0.063,0.204464,0.160282,45,345,10,series-start,True,7.666667,True,0.192649
45,regime model,0.085335,-0.069471,0.202599,0.126953,45,345,10,model-sample,False,7.666667,True,0.192649
45,condition chain,0.08592,0.028262,0.130439,0.11815,45,345,10,model-sample,True,7.666667,True,0.192649
46,regime model,0.146312,-0.034875,0.273568,0.166062,46,344,10,series-start,False,7.478261,True,0.188731
46,condition chain,0.144478,0.062918,0.20244,0.158509,46,344,10,series-start,True,7.478261,True,0.188731
46,regime model,0.082753,-0.073346,0.201908,0.125356,46,344,10,model-sample,False,7.478261,True,0.188731
46,condition chain,0.08474,0.028381,0.129105,0.117435,46,344,10,model-sample,True,7.478261,True,0.188731
47,regime model,0.143111,-0.041403,0.271865,0.16361,47,343,10,series-start,False,7.297872,True,0.184931
47,condition chain,0.142466,0.062522,0.200818,0.156663,47,343,10,series-start,True,7.297872,True,0.184931
47,regime model,0.08045,-0.078608,0.202053,0.124033,47,343,10,model-sample,False,7.297872,True,0.184931
47,condition chain,0.083589,0.028721,0.127396,0.116758,47,343,10,model-sample,True,7.297872,True,0.184931
48,regime model,0.140079,-0.048934,0.27054,0.161273,48,342,10,series-start,False,7.125,True,0.181261
48,condition chain,0.140673,0.061815,0.199196,0.155002,48,342,10,series-start,True,7.125,True,0.181261
48,regime model,0.078299,-0.084902,0.200818,0.12294,48,342,10,model-sample,False,7.125,True,0.181261
48,condition chain,0.082726,0.028747,0.125867,0.116382,48,342,10,model-sample,True,7.125,True,0.181261
49,regime model,0.137412,-0.061132,0.267253,0.159418,49,341,10,series-start,False,6.959184,True,0.177696
49,condition chain,0.138923,0.05837,0.194982,0.153412,49,341,10,series-start,True,6.959184,True,0.177696
49,regime model,0.076587,-0.093348,0.19677,0.122424,49,341,10,model-sample,False,6.959184,True,0.177696
49,condition chain,0.081977,0.028228,0.123682,0.116154,49,341,10,model-sample,True,6.959184,True,0.177696
50,regime model,0.135,-0.067841,0.266339,0.158168,50,340,10,series-start,False,6.8,True,0.174225
50,condition chain,0.137814,0.05857,0.192807,0.152725,50,340,10,series-start,True,6.8,True,0.174225
50,regime model,0.07501,-0.098271,0.195845,0.122443,50,340,10,model-sample,False,6.8,True,0.174225
50,condition chain,0.081736,0.029064,0.122849,0.11677,50,340,10,model-sample,True,6.8,True,0.174225
51,regime model,0.132938,-0.072864,0.264006,0.157326,51,339,10,series-start,False,6.647059,True,0.170845
51,condition chain,0.137116,0.059136,0.191426,0.152472,51,339,10,series-start,True,6.647059,True,0.170845
51,regime model,0.073805,-0.101875,0.194528,0.122862,51,339,10,model-sample,False,6.647059,True,0.170845
51,condition chain,0.081907,0.029467,0.12175,0.11781,51,339,10,model-sample,True,6.647059,True,0.170845
52,regime model,0.13106,-0.074956,0.261083,0.156711,52,338,10,series-start,False,6.5,True,0.167552
52,condition chain,0.136539,0.05988,0.1899,0.152324,52,338,10,series-start,True,6.5,True,0.167552
52,regime model,0.072866,-0.103364,0.194542,0.123607,52,338,10,model-sample,False,6.5,True,0.167552
52,condition chain,0.082265,0.030494,0.120764,0.119048,52,338,10,model-sample,True,6.5,True,0.167552
53,regime model,0.128699,-0.07913,0.259816,0.155146,53,337,10,series-start,False,6.358491,True,0.164337
53,condition chain,0.135784,0.060863,0.188878,0.151582,53,337,10,series-start,True,6.358491,True,0.164337
53,regime model,0.071402,-0.107518,0.193958,0.123321,53,337,10,model-sample,False,6.358491,True,0.164337
53,condition chain,0.082427,0.032027,0.120376,0.119623,53,337,10,model-sample,True,6.358491,True,0.164337
54,regime model,0.127431,-0.08339,0.25882,0.154935,54,336,10,series-start,False,6.222222,True,0.161203
54,condition chain,0.135355,0.061391,0.188154,0.151171,54,336,10,series-start,True,6.222222,True,0.161203
54,regime model,0.071222,-0.109359,0.1938,0.124418,54,336,10,model-sample,False,6.222222,True,0.161203
54,condition chain,0.082967,0.033507,0.120108,0.120518,54,336,10,model-sample,True,6.222222,True,0.161203
55,regime model,0.126006,-0.090186,0.258313,0.154666,55,335,10,series-start,False,6.090909,True,0.158139
55,condition chain,0.134912,0.061217,0.187462,0.150791,55,335,10,series-start,True,6.090909,True,0.158139
55,regime model,0.070864,-0.113817,0.194474,0.12543,55,335,10,model-sample,False,6.090909,True,0.158139
55,condition chain,0.083495,0.034896,0.120022,0.121421,55,335,10,model-sample,True,6.090909,True,0.158139
56,regime model,0.124857,-0.096793,0.257351,0.154903,56,334,10,series-start,False,5.964286,True,0.155144
56,condition chain,0.134716,0.0598,0.186065,0.150764,56,334,10,series-start,True,5.964286,True,0.155144
56,regime model,0.070751,-0.117124,0.193273,0.126941,56,334,10,model-sample,False,5.964286,True,0.155144
56,condition chain,0.084265,0.036289,0.120432,0.122665,56,334,10,model-sample,True,5.964286,True,0.155144
57,regime model,0.123104,-0.100219,0.255844,0.154305,57,333,10,series-start,False,5.842105,True,0.152219
57,condition chain,0.134324,0.0597,0.184733,0.150445,57,333,10,series-start,True,5.842105,True,0.152219
57,regime model,0.070013,-0.119627,0.192501,0.127569,57,333,10,model-sample,False,5.842105,True,0.152219
57,condition chain,0.08484,0.038234,0.120501,0.123587,57,333,10,model-sample,True,5.842105,True,0.152219
58,regime model,0.121517,-0.106364,0.25323,0.154003,58,332,10,series-start,False,5.724138,True,0.149361
58,condition chain,0.134034,0.059286,0.183754,0.15026,58,332,10,series-start,True,5.724138,True,0.149361
58,regime model,0.069429,-0.121387,0.18936,0.128477,58,332,10,model-sample,False,5.724138,True,0.149361
58,condition chain,0.085512,0.038061,0.117988,0.124622,58,332,10,model-sample,True,5.724138,True,0.149361
59,regime model,0.120217,-0.108232,0.25117,0.153962,59,331,10,series-start,False,5.610169,True,0.14657
59,condition chain,0.13461,0.061199,0.183312,0.150932,59,331,10,series-start,True,5.610169,True,0.14657
59,regime model,0.069086,-0.122349,0.189362,0.129623,59,331,10,model-sample,False,5.610169,True,0.14657
59,condition chain,0.087048,0.039223,0.118643,0.126505,59,331,10,model-sample,True,5.610169,True,0.14657
60,regime model,0.119416,-0.108627,0.25068,0.15438,60,330,10,series-start,False,5.5,True,0.14386
60,condition chain,0.13531,0.062397,0.182935,0.151715,60,330,10,series-start,True,5.5,True,0.14386
60,regime model,0.068964,-0.120892,0.190533,0.131071,60,330,10,model-sample,False,5.5,True,0.14386
60,condition chain,0.088484,0.042204,0.118766,0.128333,60,330,10,model-sample,True,5.5,True,0.14386
61,regime model,0.118605,-0.110299,0.251632,0.154873,61,329,10,series-start,False,5.393443,False,0.141207
61,condition chain,0.136024,0.063821,0.183241,0.152553,61,329,10,series-start,True,5.393443,False,0.141207
61,regime model,0.068842,-0.119996,0.192084,0.132581,61,329,10,model-sample,False,5.393443,False,0.141207
61,condition chain,0.089946,0.044932,0.11923,0.130199,61,329,10,model-sample,True,5.393443,False,0.141207
62,regime model,0.117925,-0.113936,0.252107,0.15559,62,328,10,series-start,False,5.290323,False,0.138614
62,condition chain,0.136295,0.064829,0.183066,0.152996,62,328,10,series-start,True,5.290323,False,0.138614
62,regime model,0.06894,-0.122239,0.192229,0.134239,62,328,10,model-sample,False,5.290323,False,0.138614
62,condition chain,0.090897,0.047107,0.119512,0.13158,62,328,10,model-sample,True,5.290323,False,0.138614
63,regime model,0.117114,-0.121492,0.252275,0.156287,63,327,10,series-start,False,5.190476,False,0.136079
63,condition chain,0.136748,0.064881,0.182985,0.153624,63,327,10,series-start,True,5.190476,False,0.136079
63,regime model,0.068782,-0.125226,0.192549,0.135762,63,327,10,model-sample,False,5.190476,False,0.136079
63,condition chain,0.091917,0.048461,0.120004,0.133034,63,327,10,model-sample,True,5.190476,False,0.136079
64,regime model,0.116132,-0.130803,0.25237,0.156811,64,326,10,series-start,False,5.09375,False,0.133597
64,condition chain,0.13732,0.064803,0.183311,0.154407,64,326,10,series-start,True,5.09375,False,0.133597
64,regime model,0.068444,-0.131229,0.191661,0.137091,64,326,10,model-sample,False,5.09375,False,0.133597
64,condition chain,0.093071,0.049397,0.12085,0.134631,64,326,10,model-sample,True,5.09375,False,0.133597
65,regime model,0.114358,-0.149586,0.246312,0.156681,65,325,10,series-start,False,5.0,False,0.131166
65,condition chain,0.137903,0.060134,0.18442,0.155238,65,325,10,series-start,True,5.0,False,0.131166
65,regime model,0.067145,-0.139892,0.185417,0.137739,65,325,10,model-sample,False,5.0,False,0.131166
65,condition chain,0.094219,0.049674,0.121047,0.136264,65,325,10,model-sample,True,5.0,False,0.131166
66,regime model,0.113702,-0.165725,0.246942,0.15759,66,324,10,series-start,False,4.909091,False,0.128785
66,condition chain,0.138957,0.05735,0.184817,0.156512,66,324,10,series-start,True,4.909091,False,0.128785
66,regime model,0.066981,-0.147681,0.186657,0.139436,66,324,10,model-sample,False,4.909091,False,0.128785
66,condition chain,0.095856,0.05059,0.12291,0.138335,66,324,10,model-sample,True,4.909091,False,0.128785
67,regime model,0.113125,-0.179014,0.246151,0.158712,67,323,10,series-start,False,4.820896,False,0.126455
67,condition chain,0.139894,0.057222,0.185526,0.157743,67,323,10,series-start,True,4.820896,False,0.126455
67,regime model,0.066904,-0.154223,0.187117,0.141316,67,323,10,model-sample,False,4.820896,False,0.126455
67,condition chain,0.09738,0.052427,0.124825,0.140327,67,323,10,model-sample,True,4.820896,False,0.126455
68,regime model,0.110994,-0.184248,0.246644,0.158679,68,322,10,series-start,False,4.735294,False,0.124171
68,condition chain,0.140265,0.054921,0.185606,0.158594,68,322,10,series-start,True,4.735294,False,0.124171
68,regime model,0.065547,-0.154863,0.18736,0.142364,68,322,10,model-sample,False,4.735294,False,0.124171
68,condition chain,0.098741,0.053511,0.127009,0.142278,68,322,10,model-sample,True,4.735294,False,0.124171
69,regime model,0.107642,-0.221185,0.243757,0.15788,69,321,10,series-start,False,4.652174,False,0.121934
69,condition chain,0.139946,0.044144,0.185442,0.158954,69,321,10,series-start,True,4.652174,False,0.121934
69,regime model,0.06255,-0.171077,0.186406,0.14225,69,321,10,model-sample,False,4.652174,False,0.121934
69,condition chain,0.098963,0.053425,0.127107,0.143345,69,321,10,model-sample,True,4.652174,False,0.121934
70,regime model,0.104101,-0.262496,0.242566,0.157128,70,320,10,series-start,False,4.571429,False,0.119744
70,condition chain,0.139643,0.031906,0.184537,0.159409,70,320,10,series-start,True,4.571429,False,0.119744
70,regime model,0.059381,-0.187231,0.185185,0.142167,70,320,10,model-sample,False,4.571429,False,0.119744
70,condition chain,0.099205,0.051807,0.127727,0.144489,70,320,10,model-sample,True,4.571429,False,0.119744
71,regime model,0.100238,-0.314241,0.239432,0.1564,71,319,10,series-start,False,4.492958,False,0.117598
71,condition chain,0.139155,0.016366,0.18445,0.15979,71,319,10,series-start,True,4.492958,False,0.117598
71,regime model,0.055911,-0.21336,0.182895,0.142087,71,319,10,model-sample,False,4.492958,False,0.117598
71,condition chain,0.09928,0.049042,0.128018,0.145535,71,319,10,model-sample,True,4.492958,False,0.117598
72,regime model,0.095651,-0.389918,0.236218,0.155411,72,318,10,series-start,False,4.416667,False,0.115493
72,condition chain,0.138319,-0.00233,0.183507,0.160014,72,318,10,series-start,False,4.416667,False,0.115493
72,regime model,0.052113,-0.246665,0.180063,0.142032,72,318,10,model-sample,False,4.416667,False,0.115493
72,condition chain,0.09936,0.043959,0.128167,0.146708,72,318,10,model-sample,True,4.416667,False,0.115493
73,regime model,0.090585,-0.486281,0.233524,0.154368,73,317,10,series-start,False,4.342466,False,0.113429
73,condition chain,0.137421,-0.031433,0.182399,0.160302,73,317,10,series-start,False,4.342466,False,0.113429
73,regime model,0.047892,-0.286203,0.178,0.141904,73,317,10,model-sample,False,4.342466,False,0.113429
73,condition chain,0.099396,0.035553,0.128257,0.147926,73,317,10,model-sample,True,4.342466,False,0.113429
74,regime model,0.085422,-0.443014,0.231457,0.153588,74,316,10,series-start,False,4.27027,False,0.111406
74,condition chain,0.136476,-0.011883,0.181477,0.160671,74,316,10,series-start,False,4.27027,False,0.111406
74,regime model,0.043505,-0.272745,0.175517,0.141847,74,316,10,model-sample,False,4.27027,False,0.111406
74,condition chain,0.099191,0.039808,0.12825,0.149028,74,316,10,model-sample,True,4.27027,False,0.111406
75,regime model,0.081419,-0.442285,0.229949,0.153377,75,315,10,series-start,False,4.2,False,0.109423
75,condition chain,0.135851,-0.007973,0.180549,0.161257,75,315,10,series-start,False,4.2,False,0.109423
75,regime model,0.040053,-0.283573,0.173744,0.142203,75,315,10,model-sample,False,4.2,False,0.109423
75,condition chain,0.099125,0.040237,0.128407,0.150186,75,315,10,model-sample,True,4.2,False,0.109423
76,regime model,0.078027,-0.453307,0.230813,0.153928,76,314,10,series-start,False,4.131579,False,0.107478
76,condition chain,0.135707,-0.012711,0.182193,0.162335,76,314,10,series-start,False,4.131579,False,0.107478
76,regime model,0.037215,-0.289461,0.173493,0.143313,76,314,10,model-sample,False,4.131579,False,0.107478
76,condition chain,0.09953,0.040028,0.129965,0.151825,76,314,10,model-sample,True,4.131579,False,0.107478
77,regime model,0.074046,-0.474696,0.232184,0.154556,77,313,10,series-start,False,4.064935,False,0.105571
77,condition chain,0.135642,-0.017218,0.184445,0.163821,77,313,10,series-start,False,4.064935,False,0.105571
77,regime model,0.033829,-0.306894,0.176197,0.144482,77,313,10,model-sample,False,4.064935,False,0.105571
77,condition chain,0.10001,0.036047,0.132544,0.153857,77,313,10,model-sample,True,4.064935,False,0.105571
78,regime model,0.072204,-0.46176,0.222725,0.155996,78,312,10,series-start,False,4.0,False,0.103702
78,condition chain,0.135921,-0.009932,0.179998,0.165334,78,312,10,series-start,False,4.0,False,0.103702
78,regime model,0.032342,-0.319677,0.167028,0.146275,78,312,10,model-sample,False,4.0,False,0.103702
78,condition chain,0.100627,0.03163,0.131808,0.15572,78,312,10,model-sample,True,4.0,False,0.103702
79,regime model,0.069215,-0.455159,0.221401,0.156511,79,311,10,series-start,False,3.936709,False,0.101868
79,condition chain,0.135126,-0.003039,0.178964,0.165952,79,311,10,series-start,False,3.936709,False,0.101868
79,regime model,0.029703,-0.317353,0.164911,0.147134,79,311,10,model-sample,False,3.936709,False,0.101868
79,condition chain,0.100167,0.030271,0.131586,0.15668,79,311,10,model-sample,True,3.936709,False,0.101868
80,regime model,0.06616,-0.449693,0.219799,0.157093,80,310,10,series-start,False,3.875,False,0.100068
80,condition chain,0.134552,0.000138,0.177965,0.166782,80,310,10,series-start,True,3.875,False,0.100068
80,regime model,0.026828,-0.323326,0.162855,0.147972,80,310,10,model-sample,False,3.875,False,0.100068
80,condition chain,0.09978,0.029716,0.131203,0.157765,80,310,10,model-sample,True,3.875,False,0.100068
81,regime model,0.063035,-0.424158,0.216265,0.157905,81,309,10,series-start,False,3.814815,False,0.098303
81,condition chain,0.133938,0.001584,0.176495,0.167667,81,309,10,series-start,True,3.814815,False,0.098303
81,regime model,0.023891,-0.321258,0.161553,0.149062,81,309,10,model-sample,False,3.814815,False,0.098303
81,condition chain,0.099376,0.027813,0.130742,0.158926,81,309,10,model-sample,True,3.814815,False,0.098303
82,regime model,0.059143,-0.41603,0.215104,0.158499,82,308,10,series-start,False,3.756098,False,0.096574
82,condition chain,0.133133,0.009724,0.175582,0.168501,82,308,10,series-start,True,3.756098,False,0.096574
82,regime model,0.020309,-0.325202,0.160057,0.150121,82,308,10,model-sample,False,3.756098,False,0.096574
82,condition chain,0.098909,0.029735,0.130482,0.160223,82,308,10,model-sample,True,3.756098,False,0.096574
83,regime model,0.054928,-0.392629,0.212134,0.159044,83,307,10,series-start,False,3.698795,False,0.094877
83,condition chain,0.132311,0.022563,0.174933,0.169382,83,307,10,series-start,True,3.698795,False,0.094877
83,regime model,0.01666,-0.313835,0.156788,0.151398,83,307,10,model-sample,False,3.698795,False,0.094877
83,condition chain,0.098722,0.033181,0.129978,0.16183,83,307,10,model-sample,True,3.698795,False,0.094877
84,regime model,0.050822,-0.356733,0.208491,0.159956,84,306,10,series-start,False,3.642857,False,0.093214
84,condition chain,0.131782,0.032491,0.174655,0.170663,84,306,10,series-start,True,3.642857,False,0.093214
84,regime model,0.01234,-0.300701,0.155488,0.152347,84,306,10,model-sample,False,3.642857,False,0.093214
84,condition chain,0.098076,0.037445,0.129415,0.163151,84,306,10,model-sample,True,3.642857,False,0.093214
85,regime model,0.046591,-0.320361,0.206022,0.160927,85,305,10,series-start,False,3.588235,False,0.091582
85,condition chain,0.131151,0.043218,0.174436,0.171965,85,305,10,series-start,True,3.588235,False,0.091582
85,regime model,0.007829,-0.283684,0.152181,0.153262,85,305,10,model-sample,False,3.588235,False,0.091582
85,condition chain,0.097248,0.039934,0.128708,0.164401,85,305,10,model-sample,True,3.588235,False,0.091582
86,regime model,0.046644,-0.3062,0.202982,0.16295,86,304,10,series-start,False,3.534884,False,0.089981
86,condition chain,0.132666,0.044746,0.173836,0.174071,86,304,10,series-start,True,3.534884,False,0.089981
86,regime model,0.00673,-0.277055,0.147663,0.154909,86,304,10,model-sample,False,3.534884,False,0.089981
86,condition chain,0.097501,0.037608,0.128537,0.166137,86,304,10,model-sample,True,3.534884,False,0.089981
87,regime model,0.046598,-0.296675,0.200027,0.164951,87,303,10,series-start,False,3.482759,False,0.088411
87,condition chain,0.134189,0.049055,0.173202,0.176203,87,303,10,series-start,True,3.482759,False,0.088411
87,regime model,0.005499,-0.275941,0.144307,0.156528,87,303,10,model-sample,False,3.482759,False,0.088411
87,condition chain,0.09772,0.040936,0.128283,0.167894,87,303,10,model-sample,True,3.482759,False,0.088411
88,regime model,0.046499,-0.2897,0.195189,0.166801,88,302,10,series-start,False,3.431818,False,0.08687
88,condition chain,0.135506,0.056535,0.172627,0.178027,88,302,10,series-start,True,3.431818,False,0.08687
88,regime model,0.004168,-0.275132,0.14073,0.157981,88,302,10,model-sample,False,3.431818,False,0.08687
88,condition chain,0.097686,0.041978,0.128408,0.169326,88,302,10,model-sample,True,3.431818,False,0.08687
89,regime model,0.046634,-0.255031,0.190009,0.169013,89,301,10,series-start,False,3.382022,False,0.085357
89,condition chain,0.136839,0.06151,0.172262,0.179927,89,301,10,series-start,True,3.382022,False,0.085357
89,regime model,0.002778,-0.255344,0.137121,0.159568,89,301,10,model-sample,False,3.382022,False,0.085357
89,condition chain,0.097369,0.044068,0.12765,0.170606,89,301,10,model-sample,True,3.382022,False,0.085357
90,regime model,0.046656,-0.240497,0.183962,0.171259,90,300,10,series-start,False,3.333333,False,0.083873
90,condition chain,0.138308,0.061297,0.17288,0.181973,90,300,10,series-start,True,3.333333,False,0.083873
90,regime model,0.001498,-0.246382,0.132186,0.161243,90,300,10,model-sample,False,3.333333,False,0.083873
90,condition chain,0.097394,0.042247,0.127577,0.172086,90,300,10,model-sample,True,3.333333,False,0.083873
91,regime model,0.046847,-0.22937,0.179478,0.173466,91,299,10,series-start,False,3.285714,False,0.082416
91,condition chain,0.139648,0.061878,0.172821,0.183909,91,299,10,series-start,True,3.285714,False,0.082416
91,regime model,0.000696,-0.242535,0.128419,0.163168,91,299,10,model-sample,False,3.285714,False,0.082416
91,condition chain,0.097605,0.042395,0.127136,0.173741,91,299,10,model-sample,True,3.285714,False,0.082416
92,regime model,0.047021,-0.241737,0.175254,0.175621,92,298,10,series-start,False,3.23913,False,0.080985
92,condition chain,0.141054,0.059846,0.172726,0.185844,92,298,10,series-start,True,3.23913,False,0.080985
92,regime model,-5.9e-05,-0.255272,0.125965,0.165126,92,298,10,model-sample,False,3.23913,False,0.080985
92,condition chain,0.097932,0.040686,0.126711,0.175479,92,298,10,model-sample,True,3.23913,False,0.080985
93,regime model,0.046881,-0.236768,0.171216,0.177545,93,297,10,series-start,False,3.193548,False,0.07958
93,condition chain,0.142447,0.061038,0.172994,0.187785,93,297,10,series-start,True,3.193548,False,0.07958
93,regime model,-0.001129,-0.258424,0.123164,0.16684,93,297,10,model-sample,False,3.193548,False,0.07958
93,condition chain,0.098231,0.041194,0.126688,0.177213,93,297,10,model-sample,True,3.193548,False,0.07958
94,regime model,0.044816,-0.216852,0.168009,0.178669,94,296,10,series-start,False,3.148936,False,0.078202
94,condition chain,0.142456,0.068206,0.173362,0.189277,94,296,10,series-start,True,3.148936,False,0.078202
94,regime model,-0.002955,-0.23943,0.120147,0.168051,94,296,10,model-sample,False,3.148936,False,0.078202
94,condition chain,0.098475,0.0458,0.126356,0.178797,94,296,10,model-sample,True,3.148936,False,0.078202
95,regime model,0.04285,-0.285668,0.163265,0.179951,95,295,10,series-start,False,3.105263,False,0.076848
95,condition chain,0.142674,0.066,0.17426,0.191014,95,295,10,series-start,True,3.105263,False,0.076848
95,regime model,-0.004597,-0.298151,0.117681,0.169409,95,295,10,model-sample,False,3.105263,False,0.076848
95,condition chain,0.098914,0.046514,0.126734,0.180615,95,295,10,model-sample,True,3.105263,False,0.076848
96,regime model,0.040893,-0.346575,0.162574,0.181305,96,294,10,series-start,False,3.0625,False,0.075519
96,condition chain,0.142698,0.03486,0.176208,0.192595,96,294,10,series-start,True,3.0625,False,0.075519
96,regime model,-0.006479,-0.365051,0.115493,0.170626,96,294,10,model-sample,False,3.0625,False,0.075519
96,condition chain,0.098923,0.023501,0.127414,0.182063,96,294,10,model-sample,True,3.0625,False,0.075519
97,regime model,0.039283,-0.380135,0.16025,0.182917,97,293,10,series-start,False,3.020619,False,0.074215
97,condition chain,0.142708,0.036162,0.180229,0.194206,97,293,10,series-start,True,3.020619,False,0.074215
97,regime model,-0.007975,-0.388305,0.114477,0.172093,97,293,10,model-sample,False,3.020619,False,0.074215
97,condition chain,0.098913,0.018046,0.12793,0.183531,97,293,10,model-sample,True,3.020619,False,0.074215
98,regime model,0.037566,-0.186794,0.144912,0.184569,98,292,10,series-start,False,2.979592,False,0.072934
98,condition chain,0.142798,0.079312,0.152889,0.195939,98,292,10,series-start,True,2.979592,False,0.072934
98,regime model,-0.009579,-0.216075,0.102757,0.173586,98,292,10,model-sample,False,2.979592,False,0.072934
98,condition chain,0.098973,0.049006,0.124921,0.18511,98,292,10,model-sample,True,2.979592,False,0.072934
99,regime model,0.035747,-0.191471,0.142398,0.186319,99,291,10,series-start,False,2.939394,False,0.071677
99,condition chain,0.142906,0.077666,0.152431,0.197733,99,291,10,series-start,True,2.939394,False,0.071677
99,regime model,-0.011315,-0.221682,0.100068,0.175171,99,291,10,model-sample,False,2.939394,False,0.071677
99,condition chain,0.099046,0.048346,0.124401,0.186742,99,291,10,model-sample,True,2.939394,False,0.071677
100,regime model,0.034185,-0.218785,0.140708,0.188388,100,290,10,series-start,False,2.9,False,0.070442
100,condition chain,0.143006,0.071847,0.151817,0.199566,100,290,10,series-start,True,2.9,False,0.070442
100,regime model,-0.012796,-0.25488,0.097953,0.177067,100,290,10,model-sample,False,2.9,False,0.070442
100,condition chain,0.099104,0.045149,0.12339,0.188401,100,290,10,model-sample,True,2.9,False,0.070442
101,regime model,0.032488,-0.240486,0.138639,0.19047,101,289,10,series-start,False,2.861386,False,0.06923
101,condition chain,0.143139,0.065056,0.151446,0.201482,101,289,10,series-start,True,2.861386,False,0.06923
101,regime model,-0.014373,-0.276304,0.096121,0.178965,101,289,10,model-sample,False,2.861386,False,0.06923
101,condition chain,0.09919,0.038187,0.121871,0.190133,101,289,10,model-sample,True,2.861386,False,0.06923
102,regime model,0.030519,-0.232732,0.136814,0.192482,102,288,10,series-start,False,2.823529,False,0.068039
102,condition chain,0.143251,0.067373,0.150868,0.203429,102,288,10,series-start,True,2.823529,False,0.068039
102,regime model,-0.016215,-0.271835,0.094688,0.180782,102,288,10,model-sample,False,2.823529,False,0.068039
102,condition chain,0.099253,0.039035,0.120503,0.191888,102,288,10,model-sample,True,2.823529,False,0.068039
103,regime model,0.028038,-0.215933,0.134681,0.194311,103,287,10,series-start,False,2.786408,False,0.06687
103,condition chain,0.143326,0.073717,0.150248,0.205378,103,287,10,series-start,True,2.786408,False,0.06687
103,regime model,-0.018208,-0.247266,0.092373,0.182699,103,287,10,model-sample,False,2.786408,False,0.06687
103,condition chain,0.099614,0.041413,0.118753,0.193924,103,287,10,model-sample,True,2.786408,False,0.06687
104,regime model,0.025537,-0.250832,0.132465,0.196355,104,286,10,series-start,False,2.75,False,0.065722
104,condition chain,0.143459,0.067398,0.149026,0.207438,104,286,10,series-start,True,2.75,False,0.065722
104,regime model,-0.020463,-0.288646,0.090069,0.184582,104,286,10,model-sample,False,2.75,False,0.065722
104,condition chain,0.099784,0.037432,0.116256,0.195827,104,286,10,model-sample,True,2.75,False,0.065722
105,regime model,0.022652,-0.322722,0.130406,0.19831,105,285,10,series-start,False,2.714286,False,0.064595
105,condition chain,0.143569,0.05453,0.148224,0.209536,105,285,10,series-start,True,2.714286,False,0.064595
105,regime model,-0.023079,-0.363234,0.088307,0.186361,105,285,10,model-sample,False,2.714286,False,0.064595
105,condition chain,0.099937,0.022679,0.114327,0.197754,105,285,10,model-sample,True,2.714286,False,0.064595
106,regime model,0.019379,-0.338319,0.128055,0.200118,106,284,10,series-start,False,2.679245,False,0.063487
106,condition chain,0.143696,0.051761,0.147084,0.211713,106,284,10,series-start,True,2.679245,False,0.063487
106,regime model,-0.026056,-0.371805,0.085569,0.187981,106,284,10,model-sample,False,2.679245,False,0.063487
106,condition chain,0.100111,0.024865,0.112328,0.199751,106,284,10,model-sample,True,2.679245,False,0.063487
107,regime model,0.01568,-0.325362,0.12557,0.201886,107,283,10,series-start,False,2.64486,False,0.0624
107,condition chain,0.143794,0.054201,0.147027,0.213931,107,283,10,series-start,True,2.64486,False,0.0624
107,regime model,-0.02944,-0.357948,0.082833,0.189547,107,283,10,model-sample,False,2.64486,False,0.0624
107,condition chain,0.100265,0.026609,0.110729,0.201778,107,283,10,model-sample,True,2.64486,False,0.0624
108,regime model,0.011451,-0.274238,0.12463,0.203734,108,282,10,series-start,False,2.611111,False,0.061332
108,condition chain,0.143888,0.070068,0.148106,0.216252,108,282,10,series-start,True,2.611111,False,0.061332
108,regime model,-0.033633,-0.321418,0.079671,0.191226,108,282,10,model-sample,False,2.611111,False,0.061332
108,condition chain,0.100287,0.032825,0.107864,0.20394,108,282,10,model-sample,True,2.611111,False,0.061332
109,regime model,0.007072,-0.273069,0.123834,0.205738,109,281,10,series-start,False,2.577982,False,0.060283
109,condition chain,0.144,0.063399,0.150617,0.218679,109,281,10,series-start,True,2.577982,False,0.060283
109,regime model,-0.037948,-0.314991,0.076899,0.193049,109,281,10,model-sample,False,2.577982,False,0.060283
109,condition chain,0.100318,0.034672,0.106468,0.206196,109,281,10,model-sample,True,2.577982,False,0.060283
110,regime model,0.00191,-0.339647,0.126195,0.207511,110,280,10,series-start,False,2.545455,False,0.059253
110,condition chain,0.143842,0.059658,0.153746,0.22089,110,280,10,series-start,True,2.545455,False,0.059253
110,regime model,-0.043084,-0.386629,0.073645,0.194557,110,280,10,model-sample,False,2.545455,False,0.059253
110,condition chain,0.100035,0.021771,0.10401,0.208154,110,280,10,model-sample,True,2.545455,False,0.059253
111,regime model,-0.003967,-0.320427,0.127841,0.209233,111,279,10,series-start,False,2.513514,False,0.058241
111,condition chain,0.143665,0.065049,0.157962,0.223196,111,279,10,series-start,True,2.513514,False,0.058241
111,regime model,-0.048679,-0.370149,0.069993,0.196266,111,279,10,model-sample,False,2.513514,False,0.058241
111,condition chain,0.099998,0.023902,0.103284,0.210459,111,279,10,model-sample,True,2.513514,False,0.058241
112,regime model,-0.010013,-0.3151,0.131113,0.211384,112,278,10,series-start,False,2.482143,False,0.057248
112,condition chain,0.14344,0.064917,0.163551,0.225587,112,278,10,series-start,True,2.482143,False,0.057248
112,regime model,-0.054703,-0.363899,0.068692,0.198151,112,278,10,model-sample,False,2.482143,False,0.057248
112,condition chain,0.099657,0.028832,0.101734,0.212592,112,278,10,model-sample,True,2.482143,False,0.057248
113,regime model,-0.016666,-0.284864,0.13156,0.213756,113,277,10,series-start,False,2.451327,False,0.056272
113,condition chain,0.14292,0.072051,0.166274,0.227828,113,277,10,series-start,True,2.451327,False,0.056272
113,regime model,-0.061162,-0.336599,0.067178,0.200449,113,277,10,model-sample,False,2.451327,False,0.056272
113,condition chain,0.099267,0.031083,0.101084,0.214758,113,277,10,model-sample,True,2.451327,False,0.056272
114,regime model,-0.02154,-0.272649,0.130153,0.216677,114,276,10,series-start,False,2.421053,False,0.055313
114,condition chain,0.142836,0.076355,0.167565,0.230361,114,276,10,series-start,True,2.421053,False,0.055313
114,regime model,-0.066126,-0.322515,0.064365,0.203221,114,276,10,model-sample,False,2.421053,False,0.055313
114,condition chain,0.099021,0.033469,0.100779,0.21714,114,276,10,model-sample,True,2.421053,False,0.055313
115,regime model,-0.027118,-0.26934,0.128183,0.21966,115,275,10,series-start,False,2.391304,False,0.054371
115,condition chain,0.142506,0.07777,0.167803,0.232832,115,275,10,series-start,True,2.391304,False,0.054371
115,regime model,-0.071625,-0.319092,0.0615,0.206162,115,275,10,model-sample,False,2.391304,False,0.054371
115,condition chain,0.098684,0.035166,0.100138,0.219562,115,275,10,model-sample,True,2.391304,False,0.054371
116,regime model,-0.033429,-0.341534,0.124873,0.222936,116,274,10,series-start,False,2.362069,False,0.053446
116,condition chain,0.142094,0.064514,0.167556,0.235438,116,274,10,series-start,True,2.362069,False,0.053446
116,regime model,-0.077855,-0.391171,0.057297,0.20939,116,274,10,model-sample,False,2.362069,False,0.053446
116,condition chain,0.098211,0.020924,0.099302,0.222109,116,274,10,model-sample,True,2.362069,False,0.053446
117,regime model,-0.124097,-0.334824,0.038381,0.226328,117,273,9,series-start,False,2.333333,False,0.052537
117,condition chain,0.087181,0.044966,0.110167,0.237999,117,273,9,series-start,True,2.333333,False,0.052537
117,regime model,-0.173575,-0.373879,-0.023823,0.21254,117,273,9,model-sample,False,2.333333,False,0.052537
117,condition chain,0.038128,0.004649,0.060247,0.224419,117,273,9,model-sample,True,2.333333,False,0.052537
118,regime model,-0.134186,-0.322537,0.038295,0.229455,118,272,9,series-start,False,2.305085,False,0.051645
118,condition chain,0.085848,0.049576,0.112238,0.240179,118,272,9,series-start,True,2.305085,False,0.051645
118,regime model,-0.18372,-0.366695,-0.028025,0.215401,118,272,9,model-sample,False,2.305085,False,0.051645
118,condition chain,0.036524,0.00756,0.058951,0.22632,118,272,9,model-sample,True,2.305085,False,0.051645
119,regime model,-0.146811,-0.278865,0.035638,0.232252,119,271,9,series-start,False,2.277311,False,0.050768
119,condition chain,0.083852,0.05948,0.112784,0.242179,119,271,9,series-start,True,2.277311,False,0.050768
119,regime model,-0.195979,-0.324864,-0.033232,0.218191,119,271,9,model-sample,False,2.277311,False,0.050768
119,condition chain,0.034579,0.009287,0.057346,0.2283,119,271,9,model-sample,True,2.277311,False,0.050768
120,regime model,-0.162434,-0.257651,0.030528,0.235117,120,270,9,series-start,False,2.25,False,0.049907
120,condition chain,0.081388,0.060356,0.113124,0.244303,120,270,9,series-start,True,2.25,False,0.049907
120,regime model,-0.210913,-0.300616,-0.039775,0.221232,120,270,9,model-sample,False,2.25,False,0.049907
120,condition chain,0.032446,0.009399,0.055553,0.230585,120,270,9,model-sample,True,2.25,False,0.049907
